-- MySQL dump 10.13  Distrib 5.7.17, for Linux (x86_64)
--
-- Host: localhost    Database: voldemortdb
-- ------------------------------------------------------
-- Server version	5.7.17-0ubuntu0.16.04.1

/*!40101 SET @OLD_CHARACTER_SET_CLIENT=@@CHARACTER_SET_CLIENT */;
/*!40101 SET @OLD_CHARACTER_SET_RESULTS=@@CHARACTER_SET_RESULTS */;
/*!40101 SET @OLD_COLLATION_CONNECTION=@@COLLATION_CONNECTION */;
/*!40101 SET NAMES utf8 */;
/*!40103 SET @OLD_TIME_ZONE=@@TIME_ZONE */;
/*!40103 SET TIME_ZONE='+00:00' */;
/*!40014 SET @OLD_UNIQUE_CHECKS=@@UNIQUE_CHECKS, UNIQUE_CHECKS=0 */;
/*!40014 SET @OLD_FOREIGN_KEY_CHECKS=@@FOREIGN_KEY_CHECKS, FOREIGN_KEY_CHECKS=0 */;
/*!40101 SET @OLD_SQL_MODE=@@SQL_MODE, SQL_MODE='NO_AUTO_VALUE_ON_ZERO' */;
/*!40111 SET @OLD_SQL_NOTES=@@SQL_NOTES, SQL_NOTES=0 */;

--
-- Table structure for table `cycle`
--

DROP TABLE IF EXISTS `cycle`;
/*!40101 SET @saved_cs_client     = @@character_set_client */;
/*!40101 SET character_set_client = utf8 */;
CREATE TABLE `cycle` (
  `idcycle` int(11) NOT NULL AUTO_INCREMENT,
  `cycle_time` int(11) NOT NULL,
  `date_start` varchar(50) NOT NULL,
  `time_start` varchar(50) NOT NULL,
  `date_end` varchar(50) NOT NULL,
  `time_end` varchar(50) NOT NULL,
  PRIMARY KEY (`idcycle`),
  UNIQUE KEY `idCycle_UNIQUE` (`idcycle`)
) ENGINE=InnoDB AUTO_INCREMENT=142 DEFAULT CHARSET=utf8;
/*!40101 SET character_set_client = @saved_cs_client */;

--
-- Dumping data for table `cycle`
--

LOCK TABLES `cycle` WRITE;
/*!40000 ALTER TABLE `cycle` DISABLE KEYS */;
INSERT INTO `cycle` VALUES (1,0,'02-08-2017','14:30:50','02-08-2017','14:35:50'),(2,1,'03-24-2017','10:10:08','03-24-2017','10:10:18'),(14,2,'03-24-2017','10:40:08','03-24-2017','10:40:18'),(15,2,'03-24-2017','10:40:18','03-24-2017','10:40:28'),(16,2,'03-24-2017','10:40:29','03-24-2017','10:40:39'),(17,3,'03-24-2017','10:40:40','03-24-2017','10:40:50'),(18,3,'03-24-2017','10:40:51','03-24-2017','10:41:01'),(19,3,'03-24-2017','10:41:01','03-24-2017','10:41:12'),(20,4,'03-24-2017','10:41:12','03-24-2017','10:41:22'),(21,4,'03-24-2017','10:41:22','03-24-2017','10:41:32'),(22,4,'03-24-2017','10:41:32','03-24-2017','10:41:42'),(23,5,'03-24-2017','11:01:29','03-24-2017','11:01:39'),(24,5,'03-24-2017','11:01:40','03-24-2017','11:01:50'),(25,5,'03-24-2017','11:01:50','03-24-2017','11:02:00'),(26,6,'03-24-2017','11:02:01','03-24-2017','11:02:11'),(37,7,'03-27-2017','08:45:48','03-27-2017','08:45:58'),(38,7,'03-27-2017','08:45:58','03-27-2017','08:46:08'),(39,7,'03-27-2017','08:46:08','03-27-2017','08:46:18'),(40,8,'03-27-2017','08:46:18','03-27-2017','08:46:29'),(41,8,'03-27-2017','08:46:29','03-27-2017','08:46:46'),(42,8,'03-27-2017','08:46:46','03-27-2017','08:46:58'),(43,9,'03-27-2017','11:35:53','03-27-2017','11:36:03'),(44,9,'03-27-2017','11:36:04','03-27-2017','11:36:14'),(45,9,'03-27-2017','11:36:14','03-27-2017','11:36:24'),(46,10,'03-27-2017','11:36:26','03-27-2017','11:36:36'),(47,10,'03-27-2017','11:36:37','03-27-2017','11:36:47'),(48,10,'03-27-2017','11:36:48','03-27-2017','11:36:58'),(49,11,'03-27-2017','11:36:58','03-27-2017','11:37:09'),(50,11,'03-27-2017','11:37:10','03-27-2017','11:37:20'),(51,11,'03-27-2017','11:37:21','03-27-2017','11:37:31'),(52,12,'03-27-2017','11:37:32','03-27-2017','11:37:42'),(53,12,'03-27-2017','11:37:43','03-27-2017','11:37:53'),(54,12,'03-27-2017','11:37:54','03-27-2017','11:38:04'),(55,13,'03-27-2017','11:38:05','03-27-2017','11:38:15'),(56,13,'03-27-2017','11:38:17','03-27-2017','11:38:27'),(57,13,'03-27-2017','11:38:28','03-27-2017','11:38:38'),(58,14,'03-27-2017','11:38:40','03-27-2017','11:38:50'),(59,14,'03-27-2017','11:38:50','03-27-2017','11:39:00'),(60,14,'03-27-2017','11:39:01','03-27-2017','11:39:11'),(61,15,'03-27-2017','11:39:12','03-27-2017','11:39:22'),(62,15,'03-27-2017','11:39:23','03-27-2017','11:39:33'),(63,15,'03-27-2017','11:39:34','03-27-2017','11:39:44'),(64,16,'03-27-2017','11:39:45','03-27-2017','11:39:55'),(65,16,'03-27-2017','11:39:57','03-27-2017','11:40:07'),(66,17,'03-27-2017','11:41:07','03-27-2017','11:41:17'),(67,17,'03-27-2017','11:41:18','03-27-2017','11:41:28'),(68,17,'03-27-2017','11:41:30','03-27-2017','11:41:40'),(69,18,'03-27-2017','11:41:40','03-27-2017','11:41:51'),(70,18,'03-27-2017','11:41:53','03-27-2017','11:42:03'),(71,18,'03-27-2017','11:42:04','03-27-2017','11:42:14'),(72,19,'03-27-2017','11:42:15','03-27-2017','11:42:25'),(73,19,'03-27-2017','11:42:26','03-27-2017','11:42:36'),(74,19,'03-27-2017','11:42:37','03-27-2017','11:42:47'),(75,20,'03-27-2017','11:42:48','03-27-2017','11:42:58'),(76,20,'03-27-2017','11:42:59','03-27-2017','11:43:09'),(77,20,'03-27-2017','11:43:10','03-27-2017','11:43:20'),(78,21,'03-27-2017','11:43:21','03-27-2017','11:43:31'),(79,21,'03-27-2017','11:43:32','03-27-2017','11:43:42'),(80,21,'03-27-2017','11:43:43','03-27-2017','11:43:53'),(81,22,'03-27-2017','11:43:54','03-27-2017','11:44:04'),(82,22,'03-27-2017','11:44:05','03-27-2017','11:44:15'),(83,22,'03-27-2017','11:44:16','03-27-2017','11:44:26'),(84,23,'03-27-2017','11:44:27','03-27-2017','11:44:37'),(85,23,'03-27-2017','11:44:38','03-27-2017','11:44:48'),(86,23,'03-27-2017','11:44:49','03-27-2017','11:44:59'),(87,24,'03-27-2017','11:45:01','03-27-2017','11:45:11'),(88,24,'03-27-2017','11:45:13','03-27-2017','11:45:23'),(89,24,'03-27-2017','11:45:24','03-27-2017','11:45:34'),(90,25,'03-27-2017','11:45:36','03-27-2017','11:45:46'),(91,25,'03-27-2017','11:45:47','03-27-2017','11:45:57'),(92,25,'03-27-2017','11:45:58','03-27-2017','11:46:08'),(93,26,'03-27-2017','11:46:09','03-27-2017','11:46:19'),(94,27,'03-27-2017','11:47:20','03-27-2017','11:47:30'),(95,27,'03-27-2017','11:47:31','03-27-2017','11:47:41'),(96,27,'03-27-2017','11:47:42','03-27-2017','11:47:52'),(97,28,'03-27-2017','11:47:53','03-27-2017','11:48:03'),(98,28,'03-27-2017','11:48:04','03-27-2017','11:48:14'),(99,28,'03-27-2017','11:48:15','03-27-2017','11:48:25'),(100,29,'03-27-2017','11:48:26','03-27-2017','11:48:36'),(101,29,'03-27-2017','11:48:37','03-27-2017','11:48:47'),(102,29,'03-27-2017','11:48:48','03-27-2017','11:48:58'),(103,30,'03-27-2017','11:48:59','03-27-2017','11:49:09'),(104,30,'03-27-2017','11:49:10','03-27-2017','11:49:20'),(105,30,'03-27-2017','11:49:21','03-27-2017','11:49:31'),(106,31,'03-27-2017','11:49:31','03-27-2017','11:49:41'),(107,31,'03-27-2017','11:49:41','03-27-2017','11:49:51'),(108,31,'03-27-2017','11:49:51','03-27-2017','11:50:01'),(109,32,'03-27-2017','12:33:02','03-27-2017','12:33:12'),(110,32,'03-27-2017','12:33:12','03-27-2017','12:33:23'),(111,32,'03-27-2017','12:33:24','03-27-2017','12:33:34'),(112,33,'03-27-2017','12:33:35','03-27-2017','12:33:45'),(113,33,'03-27-2017','12:33:46','03-27-2017','12:33:56'),(114,33,'03-27-2017','12:33:57','03-27-2017','12:34:07'),(115,34,'03-27-2017','12:34:08','03-27-2017','12:34:18'),(116,34,'03-27-2017','12:34:18','03-27-2017','12:34:29'),(117,34,'03-27-2017','12:34:29','03-27-2017','12:34:39'),(118,35,'03-27-2017','12:34:39','03-27-2017','12:34:50'),(119,35,'03-27-2017','12:34:50','03-27-2017','12:35:00'),(120,35,'03-27-2017','12:35:00','03-27-2017','12:35:10'),(121,36,'03-27-2017','12:35:40','03-27-2017','12:35:50'),(122,36,'03-27-2017','12:35:51','03-27-2017','12:36:01'),(123,36,'03-27-2017','12:36:02','03-27-2017','12:36:12'),(124,37,'03-27-2017','12:36:13','03-27-2017','12:36:23'),(125,37,'03-27-2017','12:36:24','03-27-2017','12:36:35'),(126,37,'03-27-2017','12:36:36','03-27-2017','12:36:46'),(127,38,'03-27-2017','12:36:47','03-27-2017','12:36:57'),(128,38,'03-27-2017','12:36:58','03-27-2017','12:37:08'),(129,38,'03-27-2017','12:37:09','03-27-2017','12:37:20'),(130,39,'03-27-2017','12:37:20','03-27-2017','12:37:30'),(131,39,'03-27-2017','12:37:30','03-27-2017','12:37:40'),(132,39,'03-27-2017','12:37:40','03-27-2017','12:37:50'),(133,40,'03-28-2017','12:16:15','03-28-2017','12:16:25'),(134,40,'03-28-2017','12:16:26','03-28-2017','12:16:36'),(135,40,'03-28-2017','12:16:37','03-28-2017','12:16:47'),(136,41,'03-28-2017','12:16:48','03-28-2017','12:16:58'),(137,41,'03-28-2017','12:16:59','03-28-2017','12:17:09'),(138,41,'03-28-2017','12:17:10','03-28-2017','12:17:20'),(139,42,'03-28-2017','12:17:20','03-28-2017','12:17:31'),(140,42,'03-28-2017','12:17:31','03-28-2017','12:17:41'),(141,42,'03-28-2017','12:17:41','03-28-2017','12:17:51');
/*!40000 ALTER TABLE `cycle` ENABLE KEYS */;
UNLOCK TABLES;

--
-- Table structure for table `flow`
--

DROP TABLE IF EXISTS `flow`;
/*!40101 SET @saved_cs_client     = @@character_set_client */;
/*!40101 SET character_set_client = utf8 */;
CREATE TABLE `flow` (
  `idflow` int(11) NOT NULL AUTO_INCREMENT,
  `idcycle` int(11) NOT NULL,
  `src_ip` varchar(45) NOT NULL,
  `dest_ip` varchar(45) NOT NULL,
  `protocol` varchar(45) NOT NULL,
  `service` varchar(45) NOT NULL,
  `packetflg` varchar(45) NOT NULL,
  `datasize` int(11) NOT NULL,
  `status` int(11) NOT NULL,
  PRIMARY KEY (`idflow`),
  UNIQUE KEY `idflow_UNIQUE` (`idflow`)
) ENGINE=InnoDB AUTO_INCREMENT=172 DEFAULT CHARSET=utf8;
/*!40101 SET character_set_client = @saved_cs_client */;

--
-- Dumping data for table `flow`
--

LOCK TABLES `flow` WRITE;
/*!40000 ALTER TABLE `flow` DISABLE KEYS */;
INSERT INTO `flow` VALUES (1,1,'1.1.1.1','2.2.2.2','tcp','http','none',10,0),(2,1,'1.1.1.1','3.3.3.3','tcp','syn','syn-ack',50,0),(50,14,'150.75.25.25','192.168.1.20','UDP','DNS','NULL',5766366,1),(51,15,'150.75.25.25','192.168.1.20','UDP','DNS','NULL',6879084,1),(52,16,'150.75.25.25','192.168.1.20','UDP','DNS','NULL',6968436,1),(53,17,'150.75.25.25','192.168.1.20','UDP','DNS','NULL',3952908,1),(54,23,'150.75.25.25','192.168.1.20','TCP','OTHER','SYN',2581302,1),(55,24,'150.75.25.25','192.168.1.20','TCP','OTHER','SYN',4117794,1),(56,25,'150.75.25.25','192.168.1.20','TCP','OTHER','SYN',4402224,1),(57,26,'150.75.25.25','192.168.1.20','TCP','OTHER','SYN',4267818,1),(72,37,'150.75.25.25','192.168.1.20','TCP','OTHER','SYN-ACK',673512,1),(73,38,'150.75.25.25','192.168.1.20','TCP','OTHER','SYN-ACK',761406,1),(74,39,'150.75.25.25','192.168.1.20','TCP','OTHER','SYN-ACK',724698,1),(75,43,'150.75.25.26','192.168.1.20','ICMP','ECHO-REPLY','NULL',3178924,1),(76,43,'150.75.25.25','192.168.1.20','TCP','OTHER','SYN-ACK',3641160,1),(77,44,'150.75.25.26','192.168.1.20','ICMP','ECHO-REPLY','NULL',2460094,1),(78,44,'150.75.25.25','192.168.1.20','TCP','OTHER','SYN-ACK',2782854,1),(79,45,'150.75.25.26','192.168.1.20','ICMP','ECHO-REPLY','NULL',2299276,1),(80,45,'150.75.25.25','192.168.1.20','TCP','OTHER','SYN-ACK',2637048,1),(81,46,'150.75.25.25','192.168.1.20','TCP','OTHER','SYN-ACK',3161448,1),(82,47,'150.75.25.25','192.168.1.20','TCP','OTHER','SYN-ACK',2788668,1),(83,48,'150.75.25.25','192.168.1.20','TCP','OTHER','SYN-ACK',3142524,1),(84,49,'150.75.25.26','192.168.1.20','ICMP','ECHO-REPLY','NULL',3183726,1),(85,49,'150.75.25.25','192.168.1.20','TCP','OTHER','SYN-ACK',3625656,1),(86,50,'150.75.25.26','192.168.1.20','ICMP','ECHO-REPLY','NULL',2819852,1),(87,50,'150.75.25.25','192.168.1.20','TCP','OTHER','SYN-ACK',3271458,1),(88,51,'150.75.25.26','192.168.1.20','ICMP','ECHO-REPLY','NULL',2358566,1),(89,51,'150.75.25.25','192.168.1.20','TCP','OTHER','SYN-ACK',2671932,1),(90,52,'150.75.25.25','192.168.1.20','TCP','OTHER','SYN-ACK',3458760,1),(91,53,'150.75.25.25','192.168.1.20','TCP','OTHER','SYN-ACK',3173988,1),(92,54,'150.75.25.25','192.168.1.20','TCP','OTHER','SYN-ACK',2424096,1),(93,55,'150.75.25.26','192.168.1.20','ICMP','ECHO-REPLY','NULL',2174326,1),(94,55,'150.75.25.25','192.168.1.20','TCP','OTHER','SYN-ACK',2473116,1),(95,56,'150.75.25.26','192.168.1.20','ICMP','ECHO-REPLY','NULL',2009196,1),(96,56,'150.75.25.25','192.168.1.20','TCP','OTHER','SYN-ACK',2296644,1),(97,57,'150.75.25.26','192.168.1.20','ICMP','ECHO-REPLY','NULL',2831906,1),(98,57,'150.75.25.25','192.168.1.20','TCP','OTHER','SYN-ACK',3284112,1),(99,58,'150.75.25.25','192.168.1.20','TCP','OTHER','SYN-ACK',3104106,1),(100,59,'150.75.25.25','192.168.1.20','TCP','OTHER','SYN-ACK',3173760,1),(101,60,'150.75.25.25','192.168.1.20','TCP','OTHER','SYN-ACK',2843844,1),(102,61,'150.75.25.26','192.168.1.20','ICMP','ECHO-REPLY','NULL',2464112,1),(103,61,'150.75.25.25','192.168.1.20','TCP','OTHER','SYN-ACK',2810214,1),(104,62,'150.75.25.26','192.168.1.20','ICMP','ECHO-REPLY','NULL',2701860,1),(105,62,'150.75.25.25','192.168.1.20','TCP','OTHER','SYN-ACK',3053034,1),(106,63,'150.75.25.26','192.168.1.20','ICMP','ECHO-REPLY','NULL',2326128,1),(107,63,'150.75.25.25','192.168.1.20','TCP','OTHER','SYN-ACK',2631120,1),(108,64,'150.75.25.25','192.168.1.20','TCP','OTHER','SYN-ACK',2759370,1),(109,65,'150.75.25.25','192.168.1.20','TCP','OTHER','SYN-ACK',2850114,1),(110,66,'150.75.25.26','192.168.1.20','ICMP','ECHO-REPLY','NULL',3001250,1),(111,66,'150.75.25.25','192.168.1.20','TCP','OTHER','SYN-ACK',3434250,1),(112,67,'150.75.25.26','192.168.1.20','ICMP','ECHO-REPLY','NULL',2699018,1),(113,67,'150.75.25.25','192.168.1.20','TCP','OTHER','SYN-ACK',3058962,1),(114,68,'150.75.25.26','192.168.1.20','ICMP','ECHO-REPLY','NULL',2363368,1),(115,68,'150.75.25.25','192.168.1.20','TCP','OTHER','SYN-ACK',2741472,1),(116,69,'150.75.25.25','192.168.1.20','TCP','OTHER','SYN-ACK',3511314,1),(117,70,'150.75.25.25','192.168.1.20','TCP','OTHER','SYN-ACK',3681060,1),(118,71,'150.75.25.25','192.168.1.20','TCP','OTHER','SYN-ACK',3479394,1),(119,72,'150.75.25.25','192.168.1.20','TCP','OTHER','SYN-ACK',2197692,1),(120,72,'150.75.25.26','192.168.1.20','ICMP','ECHO-REPLY','NULL',1860628,1),(121,73,'150.75.25.25','192.168.1.20','TCP','OTHER','SYN-ACK',5918082,1),(122,74,'150.75.25.25','192.168.1.20','TCP','OTHER','SYN-ACK',7324158,1),(123,75,'150.75.25.25','192.168.1.20','TCP','OTHER','SYN-ACK',7436790,1),(124,76,'150.75.25.25','192.168.1.20','TCP','OTHER','SYN-ACK',7824504,1),(125,77,'150.75.25.25','192.168.1.20','TCP','OTHER','SYN-ACK',7409658,1),(126,78,'150.75.25.25','192.168.1.20','TCP','OTHER','SYN-ACK',7139934,1),(127,79,'150.75.25.25','192.168.1.20','TCP','OTHER','SYN-ACK',7086354,1),(128,80,'150.75.25.25','192.168.1.20','TCP','OTHER','SYN-ACK',7742082,1),(129,81,'150.75.25.25','192.168.1.20','TCP','OTHER','SYN-ACK',7231248,1),(130,82,'150.75.25.25','192.168.1.20','TCP','OTHER','SYN-ACK',7524114,1),(131,83,'150.75.25.25','192.168.1.20','TCP','OTHER','SYN-ACK',7292580,1),(132,84,'150.75.25.25','192.168.1.20','TCP','OTHER','SYN-ACK',7855968,1),(133,85,'150.75.25.25','192.168.1.20','TCP','OTHER','SYN-ACK',8025828,1),(134,86,'150.75.25.25','192.168.1.20','TCP','OTHER','SYN-ACK',8006790,1),(135,87,'150.75.25.25','192.168.1.20','TCP','OTHER','SYN-ACK',7599696,1),(136,88,'150.75.25.25','192.168.1.20','TCP','OTHER','SYN-ACK',7876944,1),(137,89,'150.75.25.25','192.168.1.20','TCP','OTHER','SYN-ACK',8130252,1),(138,90,'150.75.25.25','192.168.1.20','TCP','OTHER','SYN-ACK',8390970,1),(139,91,'150.75.25.25','192.168.1.20','TCP','OTHER','SYN-ACK',7179036,1),(140,92,'150.75.25.25','192.168.1.20','TCP','OTHER','SYN-ACK',7549194,1),(141,93,'150.75.25.25','192.168.1.20','TCP','OTHER','SYN-ACK',7989690,1),(142,94,'150.75.25.25','192.168.1.20','TCP','OTHER','SYN-ACK',7118046,1),(143,95,'150.75.25.25','192.168.1.20','TCP','OTHER','SYN-ACK',7363602,1),(144,96,'150.75.25.25','192.168.1.20','TCP','OTHER','SYN-ACK',7290642,1),(145,97,'150.75.25.25','192.168.1.20','TCP','OTHER','SYN-ACK',7694658,1),(146,98,'150.75.25.25','192.168.1.20','TCP','OTHER','SYN-ACK',7877400,1),(147,99,'150.75.25.25','192.168.1.20','TCP','OTHER','SYN-ACK',7118616,1),(148,100,'150.75.25.25','192.168.1.20','TCP','OTHER','SYN-ACK',7500630,1),(149,101,'150.75.25.25','192.168.1.20','TCP','OTHER','SYN-ACK',7724412,1),(150,102,'150.75.25.25','192.168.1.20','TCP','OTHER','SYN-ACK',7160910,1),(151,103,'150.75.25.25','192.168.1.20','TCP','OTHER','SYN-ACK',7767162,1),(152,104,'150.75.25.25','192.168.1.20','TCP','OTHER','SYN-ACK',7599696,1),(153,109,'150.75.25.25','192.168.1.20','TCP','OTHER','SYN-ACK',7064010,1),(154,110,'150.75.25.25','192.168.1.20','TCP','OTHER','SYN-ACK',7649742,1),(155,111,'150.75.25.25','192.168.1.20','TCP','OTHER','SYN-ACK',6928008,1),(156,112,'150.75.25.25','192.168.1.20','TCP','OTHER','SYN-ACK',7902708,1),(157,113,'150.75.25.25','192.168.1.20','TCP','OTHER','SYN-ACK',7283688,1),(158,114,'150.75.25.25','192.168.1.20','TCP','OTHER','SYN-ACK',8100954,1),(159,115,'150.75.25.25','192.168.1.20','TCP','OTHER','SYN-ACK',3345786,1),(160,121,'150.75.25.25','192.168.1.20','UDP','DHCP','NULL',6392544,1),(161,122,'150.75.25.25','192.168.1.20','UDP','DHCP','NULL',8142558,1),(162,123,'150.75.25.25','192.168.1.20','UDP','DHCP','NULL',8725488,1),(163,124,'150.75.25.25','192.168.1.20','UDP','DHCP','NULL',8395008,1),(164,125,'150.75.25.25','192.168.1.20','UDP','DHCP','NULL',8581464,1),(165,126,'150.75.25.25','192.168.1.20','UDP','DHCP','NULL',8662554,1),(166,127,'150.75.25.25','192.168.1.20','UDP','DHCP','NULL',8224668,1),(167,128,'150.75.25.25','192.168.1.20','UDP','DHCP','NULL',8622876,1),(168,133,'150.75.25.25','192.168.1.20','TCP','HTTP','OTHER',8037228,1),(169,134,'150.75.25.25','192.168.1.20','TCP','HTTP','OTHER',8410236,1),(170,135,'150.75.25.25','192.168.1.20','TCP','HTTP','OTHER',8279250,1),(171,136,'150.75.25.25','192.168.1.20','TCP','HTTP','OTHER',8153736,1);
/*!40000 ALTER TABLE `flow` ENABLE KEYS */;
UNLOCK TABLES;

--
-- Table structure for table `threshold`
--

DROP TABLE IF EXISTS `threshold`;
/*!40101 SET @saved_cs_client     = @@character_set_client */;
/*!40101 SET character_set_client = utf8 */;
CREATE TABLE `threshold` (
  `idthresh` int(11) NOT NULL AUTO_INCREMENT,
  `idcycle` int(11) NOT NULL,
  `old_tcp` float NOT NULL,
  `old_udp` float NOT NULL,
  `old_icmp` float NOT NULL,
  `new_tcp` float NOT NULL,
  `new_udp` float NOT NULL,
  `new_icmp` float NOT NULL,
  PRIMARY KEY (`idthresh`),
  UNIQUE KEY `idthresh_UNIQUE` (`idthresh`)
) ENGINE=InnoDB AUTO_INCREMENT=63 DEFAULT CHARSET=utf8;
/*!40101 SET character_set_client = @saved_cs_client */;

--
-- Dumping data for table `threshold`
--

LOCK TABLES `threshold` WRITE;
/*!40000 ALTER TABLE `threshold` DISABLE KEYS */;
INSERT INTO `threshold` VALUES (22,16,60,25,15,40,55,5),(23,19,40,55,5,40,55,5),(24,22,40,55,5,60,25,15),(29,39,60,25,15,78.14,15.93,5.93),(30,42,78.14,15.93,5.93,60,25,15),(31,45,60,25,15,51.48,16.48,32.04),(32,48,51.48,16.48,32.04,60,25,15),(33,51,60,25,15,50.22,15.22,34.55),(34,54,50.22,15.22,34.55,60,25,15),(35,57,60,25,15,54.21,19.21,26.57),(36,60,54.21,19.21,26.57,60,25,15),(37,63,60,25,15,52.8,17.8,29.4),(38,68,60,25,15,51.11,16.11,32.78),(39,71,51.11,16.11,32.78,60,25,15),(40,74,60,25,15,60,25,15),(41,77,60,25,15,74.35,17.83,7.83),(42,80,74.35,17.83,7.83,74,17,7),(43,83,74,17,7,74,17,7),(44,86,74,17,7,74,17,7),(45,89,74,17,7,74,17,7),(46,92,74,17,7,74,17,7),(47,96,60,25,15,69.02,20.49,10.49),(48,99,69.02,20.49,10.49,69,20,10),(49,102,69,20,10,69,20,10),(50,105,69,20,10,69,20,10),(51,108,69,20,10,60,25,15),(52,111,60,25,15,68.25,20.88,10.88),(53,114,68.25,20.88,10.88,70,19,9),(54,117,70,19,9,60,25,15),(55,120,60,25,15,60,25,15),(56,123,60,25,15,40,55,5),(57,126,40,55,5,40,55,5),(58,129,40,55,5,40,55,5),(59,132,40,55,5,60,25,15),(60,135,60,25,15,80,15,5),(61,138,80,15,5,60,25,15),(62,141,60,25,15,60,25,15);
/*!40000 ALTER TABLE `threshold` ENABLE KEYS */;
UNLOCK TABLES;
/*!40103 SET TIME_ZONE=@OLD_TIME_ZONE */;

/*!40101 SET SQL_MODE=@OLD_SQL_MODE */;
/*!40014 SET FOREIGN_KEY_CHECKS=@OLD_FOREIGN_KEY_CHECKS */;
/*!40014 SET UNIQUE_CHECKS=@OLD_UNIQUE_CHECKS */;
/*!40101 SET CHARACTER_SET_CLIENT=@OLD_CHARACTER_SET_CLIENT */;
/*!40101 SET CHARACTER_SET_RESULTS=@OLD_CHARACTER_SET_RESULTS */;
/*!40101 SET COLLATION_CONNECTION=@OLD_COLLATION_CONNECTION */;
/*!40111 SET SQL_NOTES=@OLD_SQL_NOTES */;

-- Dump completed on 2017-03-31 15:06:52
